Checking Account,Saving Account,Home Loan,Automobile Loan,Education Loan,Personal Overdraft,Business Loan,Debit Card,Credit Card,Online Banking,Mobile Banking,Remittance,Insurance,Others
yes,,,,,,,,,,,,,
yes,yes,,,,,,,,,,,,
,,,,,,,,,,,,,
yes,yes,,,,,,yes,,,,,,yes
,,,,,,,,,,,,,
yes,yes,,,,,,,,,,,,
,,,,,,,,,,,,,
yes,yes,,,,,,yes,,,yes,,,yes
yes,yes,,,,yes,,yes,,,,,,yes
,,,,,,,,,,,,,
yes,yes,,,,,,yes,,,,,,
,,,,,,,,,,,,,
yes,yes,,,,,,yes,,,yes,,,yes
yes,,,,,,,,,,,,,
,,,,,,,,,,,,,
,,,,,,,,,,,,,
yes,yes,,,,,,yes,,,yes,,,yes
,,,,,,,,,,,,,
yes,yes,,,,,,yes,,,yes,,,yes
yes,yes,,,,,,yes,,,yes,,,yes
yes,yes,,,,,,,,,,,,
yes,yes,,,,,,yes,,,yes,,,yes
,yes,,,yes,,,,yes,,,,,
yes,,,,,yes,,,yes,,,,,
,,,,,,,,,,,,,
yes,,,,yes,,,yes,,yes,,,,
,yes,yes,,,,,,,,,,yes,
,yes,yes,,,,,yes,yes,,,,yes,
yes,yes,yes,,,,,,yes,yes,yes,,yes,
,yes,,,yes,yes,,,,,,,,
yes,yes,yes,,,,,,,,,,,
,yes,yes,,,yes,yes,,,,,,,
,yes,yes,,,,,,,,,yes,,
,,yes,yes,yes,,,,,,,,,
,yes,yes,,,,yes,,,,,,,
yes,yes,,,,,,yes,,,yes,,,
,,yes,yes,,,yes,,,yes,yes,,,
,,,,,,,,,,,,,
yes,,yes,,,yes,,yes,yes,,,yes,yes,
,yes,yes,,,,,,,,,,,
,yes,yes,,,,,yes,,yes,yes,,,
yes,yes,yes,yes,,,,,,,,,,
,,yes,,,,,,,,,yes,,
yes,,,yes,,yes,,,yes,,,,,
,yes,yes,,,,,,yes,,,,,
,yes,yes,,,yes,yes,,yes,,,yes,yes,
,yes,,,,,,yes,,yes,yes,,,
yes,,yes,yes,,yes,yes,yes,yes,,,,,
,,,,,,,,,,,,,
,,,,,,,,,,,,,
,,,,,,,,,,,,,
,,,,,,,,,,,,,
,,,,,,,,,,,,,
,,,,,,,,,,,,,
,,,,,,,,,,,,,
,,,,,,,,,,,,,
yes,yes,,,,,,yes,,yes,yes,,,
,yes,,,,,,yes,,,yes,,,
yes,yes,,,,,,,,,,,,
yes,yes,,,,,,yes,,yes,yes,,,
yes,yes,,,,,,,,yes,yes,,,
yes,yes,,,,,,,,,yes,,,
,,,,,,,,,,,,,
yes,yes,,,,,,yes,,,,,,
yes,yes,,,,,,yes,,,yes,,,
yes,yes,,,,,,yes,,,,,,
,,,,,,,,,,,,,
,,,,,,,,,,,,,
,yes,,,,,,yes,,,yes,,,
yes,yes,,,,,,yes,,,,,,
,,,,,,,,,,,,,
yes,yes,,,,,,yes,yes,yes,yes,,,
,yes,,,,,,yes,yes,,,,,
,,,,,,,,,,,,,
yes,yes,,,,,,,,,yes,,,
yes,yes,,,,,,yes,,yes,,,,
yes,yes,,,,,,yes,yes,,yes,,,
yes,yes,,,,,,yes,yes,,,,,
yes,yes,,,,,,yes,yes,yes,yes,,,
yes,yes,,,,,,yes,,yes,yes,,,
yes,yes,,,,,,yes,,,,,,
yes,yes,,,,,,yes,yes,,,,,
yes,yes,,,,,,yes,,,,,,
,,,,,,,,,,,,,
,,,,,,,,,,,,,
,,,,,,,,,,,,,
yes,yes,,,,,,yes,yes,,,,,
yes,yes,,,,,,yes,yes,,,,,
,,,,,,,,,,,,,
yes,yes,,,,,,yes,yes,,,,,
,yes,,,,yes,,,,,,,,
yes,yes,,,,,,yes,yes,,,,,
,,,,,,,,,,,,,
yes,yes,,,,,,yes,,,,,,
,,,,,,,,,,,,,
yes,yes,,,,,,yes,,,,,,
yes,yes,,,,,,yes,yes,,,,,
,yes,yes,,yes,,,yes,,yes,yes,,yes,
yes,yes,,,,,,yes,,yes,yes,,,
yes,yes,,,,,,,,,,,,
yes,yes,,,,,,,yes,yes,,,,
yes,yes,,,,,,yes,,,,,,
yes,yes,,,,,,yes,,yes,yes,,,
yes,yes,,,,,,yes,,yes,,,,
yes,yes,,,,,,yes,,,,,yes,
yes,yes,,,,,,yes,,,,,,
yes,yes,,,,,,yes,,,yes,,,
yes,yes,,,,,,,,,,,,
yes,yes,,,,,,yes,,yes,,,,
,yes,,,,,,yes,,yes,yes,,,
,yes,,,,,,yes,,yes,yes,,,
,yes,,,,,,yes,,yes,yes,,,
,,,,,,,,,,,,,
,yes,yes,,,,,,,,,,,
,yes,,,,,,yes,,yes,,,,
yes,yes,,,,,,yes,,yes,yes,,,
,yes,,,,,,yes,,,yes,,,
,yes,,,,,,yes,,,yes,,,
,yes,,,,,,yes,,yes,yes,,,
,yes,,,,,,yes,,,,,,
,yes,,,,,,yes,,,,,,
yes,,,,,,,yes,,yes,yes,,,
,,,,,,,,,,,,,
yes,,,,yes,,,yes,,yes,,,,
yes,yes,,,,,,yes,,yes,yes,,yes,
,,,,,,,,,,,,,
yes,yes,,,,,,yes,,,,,,
,yes,,,,,,yes,,yes,yes,,,
,,yes,yes,,,,yes,,,,,,
,yes,,yes,,,,,,,,yes,,
yes,yes,,,,,,yes,,yes,yes,,,
yes,yes,,,,,,yes,,yes,yes,,yes,
yes,yes,,,,,,yes,,yes,yes,,yes,
,yes,,,,,,,,,,,,
,,,,,,,,,,,,,
yes,yes,,,,,,yes,,yes,yes,,yes,
,,,,,,,,,,,,,
yes,yes,,,yes,,,yes,,yes,yes,,,
yes,yes,yes,yes,,,,yes,yes,yes,yes,,yes,
yes,yes,,yes,,,yes,yes,yes,yes,yes,,yes,
yes,yes,,,,,,,,,,,,
,,,,,,,,,,,,,
,,,,,,,,,,,,,
,,,,,,,,,,,,,
yes,,yes,,,,,yes,,yes,yes,,,
yes,yes,,,,,,yes,,yes,yes,,yes,
,yes,,,,,,yes,,yes,yes,,,
,yes,yes,,,,,,,,,,,
yes,yes,,,,,,yes,,yes,yes,,,
,,,,,,,,,,,,,
,,,,,,,,,,,,,
yes,yes,,,yes,,,yes,,yes,yes,,,
yes,yes,,,,,,yes,,yes,yes,,,
,,,,,,,,,,,,,
yes,yes,,,,,,yes,,yes,yes,,yes,
yes,yes,,,,,,,,,,,,
yes,yes,,,,,,,,,,,,
,yes,,,,,,yes,,,yes,,,
yes,yes,,,,,,yes,,,,,,
yes,yes,yes,,,,,,,,,,,
yes,yes,,,,,,yes,,,,,,
yes,yes,,,,,,,,,,,,
yes,yes,yes,,,,,,,,,,,
yes,yes,,,,,,yes,,,,,,
yes,yes,,,,,,yes,,yes,yes,,,
yes,yes,,,,,,yes,,yes,yes,,,
,,,,,,,,,,,,,
yes,,,,,,,,,,,,,
yes,yes,,,,,,yes,,yes,yes,,,
yes,yes,,,,,,,,,yes,,,
,yes,,,,,,yes,,yes,,,,
,,,,,,,,,,,,,
,yes,,,,,,yes,,,yes,,,
,,,,,,,,,,,,,
,,,,,,,,,,,,,
yes,,,,,,,,,,,,,
,yes,,,,,,yes,,,yes,,,
,yes,,,,,,yes,,yes,yes,,,
,yes,,,,,,,,,,,,
,,,,,,,,,,,,,yes
,yes,,,,,,,yes,yes,yes,,,
yes,,,,,,,yes,,,,,,
,,,,,,,,,,,,,
,,,,,,,,,,,,,
yes,yes,,,,,,yes,,,yes,,,
,,,,,,,,,,,,,
,,,,,,,,,,,,,
,,,,,,,,,,,,,
yes,yes,,,,,yes,yes,,yes,yes,,,
,,,,,,,,,,,,,
,yes,,,,,,yes,,,,,,
,yes,,,,,,yes,,,yes,,yes,
,,,,,,,,,,,,,
,yes,,,,,,,,,,,,
,yes,,,,,,yes,,yes,,,,
,yes,,,,,,yes,,yes,yes,,,
,yes,yes,yes,yes,,yes,yes,yes,yes,yes,,,
,,,,,,,,,,,,,
,,,,,,,,,,,,,
,,,,,,,,,,,,,
,,,,,,,,,,,,,
,yes,,,,,,yes,,,,,,
,,,,,,,,,,,,,
,yes,,,,,,,,,,,,
,yes,,,,,,,,,,,,
yes,yes,,,,,,yes,,,yes,,,
yes,yes,,,,,,yes,,,yes,,,
yes,,,,,,,,,,,,,
,yes,,,yes,,,yes,,yes,yes,,,
,yes,,,,,yes,yes,yes,yes,yes,,,
,yes,,,,,,,,,,,,
,yes,,,,,,yes,,,,,,
,,,,,,,,,,,,,yes
yes,yes,,,,,,yes,,yes,yes,,yes,
,yes,,,,,,,,,,,,
,yes,,,,,,yes,,yes,yes,,yes,
yes,yes,,,,,,yes,,yes,yes,,,
yes,yes,yes,,yes,,,yes,yes,yes,yes,yes,yes,
yes,yes,,,,,,yes,,,yes,,,
,,,,,,,,,,,,,
yes,,,,,,,,,,,,,
,,,,,,,,,,,,,
yes,,,,,,,yes,,,yes,,,
yes,yes,,,,,yes,,,,,,,
,yes,,,,,,,,,,,,
yes,yes,,,,,,yes,,,yes,,,
yes,yes,,,,,,yes,,,yes,,,
yes,yes,,,,yes,,,,,yes,,,
yes,,,,,,,yes,,,yes,,,
,,yes,,yes,,,,,,yes,,,
,,,,,,,yes,,yes,yes,,,
yes,yes,,,,,,,,,,,,
yes,,,,,,,,,,yes,,,
yes,,,,yes,,,yes,,yes,yes,,,
yes,yes,,yes,yes,,,yes,,yes,yes,,,
,yes,,,,,,,,,,,,
yes,yes,,,,,,yes,,yes,yes,yes,,
yes,,,,,,,yes,,,yes,,,
yes,yes,,,,,,yes,,yes,yes,,,
yes,yes,,,,,,yes,,yes,yes,,,
,,,,,,,,,,,,,
,,,,,,,,,,,,,
,,,,,,,,,,,,,
yes,yes,,,,,,yes,,,yes,,,
,,,,,,,,,,,,,
,,,,,,,,,,,,,
,yes,,,,,,,,,,,,
,,,,,,,,,,,,,
yes,yes,,,,,,yes,,,yes,,,
yes,yes,,,,,,yes,,yes,yes,,,
yes,yes,yes,,,yes,,yes,,,yes,,,
yes,yes,,,,,,yes,,yes,yes,,,
yes,yes,,,,,,yes,,,,,,
yes,yes,,,,,,yes,,yes,yes,,,
,,,,,,,,,,,,,
,,,,,,,,,,,,,
,,,,,,,,,,,,,
,,,,,,,yes,,,,,,
,,,,,,,,,,,,,
yes,yes,,,,,,,,yes,yes,,,
yes,yes,,,,,,yes,,yes,yes,,,
yes,yes,,,,,,yes,,,,,,
yes,yes,,,,,,,,,,,,
yes,yes,,,,,,yes,yes,,,,,
yes,yes,,,,,,,,,,,,
yes,yes,,,,,,,,,,,,
,,,,,,,,,,,,,
yes,yes,,,,,,yes,,,,,,
,yes,,,,,,yes,,,yes,,,
yes,yes,,,,,,yes,,,,,,
yes,yes,,,,,,yes,yes,,,,,
yes,yes,,,,,,yes,yes,,,,,
yes,yes,,,,,,yes,,,,,,
yes,yes,,,,,,yes,yes,yes,yes,,,
yes,yes,,,,,,,,,,,,
yes,yes,,,,,,yes,,,,,,
yes,,,,,,,yes,,,,,,
yes,yes,,,,,,yes,,,,,,
,,,,,,,,,,,,,
,yes,,,,,,,,,,,,
yes,yes,,,,,,,,,,,,
yes,yes,,,,,,,,,,,,
yes,yes,,,,,,,,,yes,,,
yes,yes,,,,,,yes,,,,,,
,,,,,,,,,,,,,
,,,,,,,,,,,,,
,,,,,,,,,,,,,
,,,,,,,,,,,,,
,yes,,,,,,yes,,yes,yes,,,
,,,,,,,,,,,,,
,yes,,,,,,,,,,,,yes
,,,,,,,,,,,,,
,,,,,,,,,,,,,
,yes,,,,,,,,,,,,
,yes,,,,,,,,,,,,
,,,,,,,,,,,,,
,yes,,,,,,,,,,,,
,yes,,,,yes,,yes,,,,,,
,yes,,,,,,yes,,yes,yes,,,
,yes,,,,,,yes,,yes,yes,,,
,yes,,,,,,,,,,,,
,yes,,,,,yes,yes,,,,,,
,yes,,,,,,yes,,yes,yes,,,
,yes,,,,,,yes,,yes,yes,,,
,yes,,,,,,yes,,yes,yes,,,
,yes,,,,,,yes,,yes,yes,,,
,,,,,,,,,,,,,
,yes,,,,,,yes,,yes,yes,,yes,
yes,yes,,,,,,yes,,,,,,
,yes,,,,,,yes,,,,,,
,yes,,,,,,yes,,,,,,
,yes,,,,,,,,,,,,
,yes,,,,,,,,,,,,
,,,,,,,,,,,,,
,yes,,,,,,,,,,,,
,yes,,,,,,yes,,yes,,,,
,yes,,,,,,,,,,,,
,yes,,,,,,yes,,,,,,
,yes,,,,,,,,,,,,
yes,yes,,,,,,yes,,,,,,
,,,,,,,,,,,,,
yes,yes,,,,,,,,,,,,
,,,,,,,,,,,,,yes
,yes,,,,,,,,,,,,
yes,,,,,,,,,,,,,
,yes,,,,,,yes,,,,,,
,yes,,,,,,,,,,yes,,
,yes,,,,,,yes,,yes,yes,,,
,yes,,,,,,yes,,,,,,
,yes,,,,,,yes,,,,,,
,yes,,,,,,yes,,yes,,,,
,yes,,,,,,,,,,,,
,yes,,,,,,yes,,,,,,
,,,,,,,,,,,,,
yes,yes,,,,,,,,,,,,
,yes,,,,,,,,,,,,
,yes,,,,,,yes,,,,,,
,yes,,,,,,,,,,,,
,yes,,,,,,yes,,,yes,,,
,yes,,,,,,,,,,,,yes
,yes,,,,,,yes,,,,,,
,yes,,,,,,yes,,,,,,
,yes,,,,,,yes,,,,,,
,yes,,,,,,yes,,,yes,,,
,yes,,,,,,yes,,,,,,
,yes,,,,,,yes,,,,,,
yes,yes,,,,,,,,,,,,
,yes,,,,,,yes,,,yes,,,
,yes,,,,,,,,,,,,
,yes,,,,,,yes,,,,,,
,yes,,,,,,,,,,,,
,yes,,,,,,yes,,,yes,,yes,
,yes,,,,,,,,,,,,
,yes,,,,,,yes,,,,,yes,
,,,,,,,,,,,,,
,yes,,,,,,,,,,,,
,yes,,,,,,yes,yes,yes,,,,
yes,yes,,,,,,yes,,,,,,
,yes,,,,,,,,,,,,
,yes,,,,,,,yes,yes,,,,
,yes,,,,,,,,,yes,,,
,yes,yes,,,,,,,,,,,
,,,,,,,yes,,,yes,,,
,,,,,,,,,,,,,yes
,yes,,,,,,,,,,,,
,,,,,,,yes,,,yes,,,
,,,,,,,yes,,yes,yes,,,
,,,,,,,,,,,,,yes
yes,yes,,,,,,yes,,,,,,
,,,,,,,,,,yes,,,yes
,,,,,,,yes,,,yes,,,
,,,,,,,,yes,,,,,
,,,,,,,yes,,,yes,,,
,,,,,,,yes,,,yes,,,yes
,,,,,,,yes,,,yes,,,
,,,,,,,yes,,yes,yes,,,
,,,,,,,,yes,,yes,,,
,,,,,,,yes,,,yes,,,
,,,,,,,yes,,,yes,,,
,,,,,,,,,,,,,
,yes,,,,,,,,,,,,
,,,,,,,,,,,,,yes
,,,,,,,yes,,,yes,,,
,,,,,,,yes,,,yes,yes,,
,,,,,,,yes,,,yes,yes,,
,,,,,,,yes,,,,,,yes
,,yes,,,,,yes,,,yes,,,
,,,,,,,yes,,,,,,
,,,,,,,,,,,,,yes
,yes,,,,,,,,,,,,
yes,yes,,,,,,yes,,,yes,,,yes
,,,,,,,yes,,,yes,,,
,,,,,,,,,,,,,
,,yes,,,,,,,,,,,
,yes,,,,,,yes,,,,,,
yes,,,,,,,,,,,,,
yes,yes,,,,,,yes,,yes,yes,,,
yes,yes,,,,,,yes,,yes,yes,,,
yes,yes,,,,,,yes,,,yes,,,
